name,para,para_err
a1,-1.7998236166645862,1.3792904996358033
a2,-2.0000000029921634,0.1578030490408786
fϕ,92.99755359644679,0.4316148997642699
f,1.1499997497926902,0.030170737594208963
