pole,lower,upper
1389.0656996484802,3.906718767229563,3.906718767229563
1447.4571578988591,9.333669332169961,9.333669332169961
1502.312784820488,6.151137721079635,6.151137721079635
